{
    "describe_matrix": {
        "count": {
            "favorite_count": 1198.0,
            "id": 1199.0,
            "retweet_count": 1198.0,
            "user.followers_count": 1198.0,
            "user.friends_count": 1198.0
        },
        "mean": {
            "favorite_count": 12.202003338898164,
            "id": 1.1909482828284088e+18,
            "retweet_count": 33.925709515859765,
            "user.followers_count": 5046.368948247078,
            "user.friends_count": 1021.626878130217
        },
        "std": {
            "favorite_count": 104.53245995361105,
            "id": 3.4425044120617452e+16,
            "retweet_count": 815.0630495614117,
            "user.followers_count": 72793.23507864912,
            "user.friends_count": 6446.56499792927
        },
        "min": {
            "favorite_count": 0.0,
            "id": 167.0,
            "retweet_count": 0.0,
            "user.followers_count": 1.0,
            "user.friends_count": 0.0
        },
        "25%": {
            "favorite_count": 0.0,
            "id": 1.1918218393786122e+18,
            "retweet_count": 0.0,
            "user.followers_count": 186.5,
            "user.friends_count": 262.0
        },
        "50%": {
            "favorite_count": 0.0,
            "id": 1.191929775016874e+18,
            "retweet_count": 0.0,
            "user.followers_count": 483.0,
            "user.friends_count": 532.5
        },
        "75%": {
            "favorite_count": 2.0,
            "id": 1.192133212113404e+18,
            "retweet_count": 1.0,
            "user.followers_count": 1377.25,
            "user.friends_count": 992.75
        },
        "max": {
            "favorite_count": 2733.0,
            "id": 1.192608404327547e+18,
            "retweet_count": 28090.0,
            "user.followers_count": 1997889.0,
            "user.friends_count": 221536.0
        }
    },
    "corr_matrix": {
        "user.followers_count": {
            "user.followers_count": 1.0,
            "user.friends_count": 0.5770596319321523,
            "id": -0.14474055631145605,
            "favorite_count": 0.3743598815158741,
            "retweet_count": 0.1283469079000893
        },
        "user.friends_count": {
            "user.followers_count": 0.5770596319321523,
            "user.friends_count": 1.0,
            "id": -0.09306009552025668,
            "favorite_count": 0.16383723344715007,
            "retweet_count": 0.05420889555106655
        },
        "id": {
            "user.followers_count": -0.14474055631145605,
            "user.friends_count": -0.09306009552025668,
            "id": 1.0,
            "favorite_count": -0.1278758415977603,
            "retweet_count": 0.07590999064439975
        },
        "favorite_count": {
            "user.followers_count": 0.3743598815158741,
            "user.friends_count": 0.16383723344715007,
            "id": -0.1278758415977603,
            "favorite_count": 1.0,
            "retweet_count": 0.1210178774154952
        },
        "retweet_count": {
            "user.followers_count": 0.1283469079000893,
            "user.friends_count": 0.05420889555106655,
            "id": 0.07590999064439975,
            "favorite_count": 0.1210178774154952,
            "retweet_count": 1.0
        }
    },
    "engagement_matrix": {
        "text": {
            "33": "@Cesar_Antonio_F @LivePalestina @Jou_Kaiser @tere_marinovic @elvillegaschile @sergioulloa1 @German69738375\u2026 https://t.co/0mgrQNJVrU",
            "3276": "@dearc26 @eluniversocom Q insoportable estas personas resentidas. Viven amargados! Hay gustos y gustos. El bol\u00f3n de Tere es rico!",
            "3738": "Se acab\u00f3 el chisme con el #closetdedav y ahora leo twists del #cafedetere... qu\u00e9 tiro guayaquile\u00f1os todo bien en casa?",
            "2198": "@KaritoSoBsc Oe oe oe bien recuerdo que una vez twitteaste qu\u00e9 m\u00e1s barato Te sal\u00eda comprar un departamento en salin\u2026 https://t.co/FL0MGZv9Hx",
            "1951": "La se\u00f1ora del caf\u00e9 d Tere es la prueba de q trabajando duro se puede llegar a rico. Ella ha demostrado q no es nece\u2026 https://t.co/JMNbFy5KLS",
            "3608": "Cuando trabajaba en el parque Col\u00f3n una vez quise ir al #cafedetere que hay ah\u00ed vi los precios y me parecieron dema\u2026 https://t.co/LP8o8NIHU6",
            "3992": "@ornella_soriano @_SantinoBoy @CafedeTere Que comentario tan regionalista... cabeza hueca que piensa que en la sier\u2026 https://t.co/cWBukqR7EM",
            "3457": "@tere_marinovic En esta crisis, no hay buenos ni malos, se enfrentan entre chilenos, padres y familias. Y todo este\u2026 https://t.co/CQsnaeEs8Z",
            "2148": "Si el cafe de tere te parece que es caro, turro y puro mkt anda busca otro bolon chtm\nEl ecuatoriano pr\u00f3spero tiene\u2026 https://t.co/APCz649NbZ",
            "932": "Soy cliente regular del Caf\u00e9 de Tere. Ahora bien, que sig\u00e1 sin aceptar tarjetas de cr\u00e9dito es indefendible. Do\u00f1a Te\u2026 https://t.co/jHdbRXcdfa"
        },
        "favorite_count": {
            "33": 10.0,
            "3276": 79.0,
            "3738": 10.0,
            "2198": 46.0,
            "1951": 332.0,
            "3608": 1.0,
            "3992": 1.0,
            "3457": 7.0,
            "2148": 187.0,
            "932": 130.0
        },
        "retweet_count": {
            "33": 1.0,
            "3276": 1.0,
            "3738": 3.0,
            "2198": 3.0,
            "1951": 81.0,
            "3608": 0.0,
            "3992": 0.0,
            "3457": 3.0,
            "2148": 63.0,
            "932": 35.0
        },
        "total_engagement": {
            "33": 250.0,
            "3276": 86.81318681318682,
            "3738": 66.66666666666666,
            "2198": 63.888888888888886,
            "1951": 61.141804788213626,
            "3608": 33.33333333333333,
            "3992": 33.33333333333333,
            "3457": 19.444444444444446,
            "2148": 15.583333333333332,
            "932": 13.30603889457523
        }
    },
    "topics": {
        "business_metrics": {
            "net_sentiment_score": 0.06,
            "top_negative_topic": "Precio alto / \u201csobrevalorado\u201d (relaci\u00f3n valor\u2013porci\u00f3n\u2013sabor)",
            "top_positive_topic": "Orgullo por el emprendimiento; limpieza y estandarizaci\u00f3n de locales"
        },
        "data_quality_summary": {
            "dominant_outlier_type": "Retuits en cadena y memes duplicados (ruido no org\u00e1nico)"
        },
        "sample_analysis_details": [
            {
                "sentiment_label": "POSITIVO",
                "driving_topic": "Producto ic\u00f3nico / lealtad de marca",
                "original_text": "Larga vida al bol\u00f3n mixto de maduro de Tere."
            },
            {
                "sentiment_label": "NEGATIVO",
                "driving_topic": "Calidad y saz\u00f3n (tigrillo)",
                "original_text": "No me gusta el tigrillo del Caf\u00e9 de Tere; es muy \u2018sopudo\u2019."
            },
            {
                "sentiment_label": "NEGATIVO",
                "driving_topic": "Precio y valor percibido",
                "original_text": "El caf\u00e9 de Tere es caro/sobrevalorado; hay mejores y m\u00e1s baratos."
            },
            {
                "sentiment_label": "POSITIVO",
                "driving_topic": "Limpieza y estandarizaci\u00f3n",
                "original_text": "Por trabajo estuve en sus cocinas: parecen quir\u00f3fanos."
            },
            {
                "sentiment_label": "NEGATIVO",
                "driving_topic": "Medios de pago",
                "original_text": "Que sigan sin aceptar tarjetas de cr\u00e9dito es indefendible."
            },
            {
                "sentiment_label": "NEUTRO",
                "driving_topic": "Competencia / pluralidad de oferta",